config_num,alpha,beta,gamma,delta,threshold_low,threshold_med,threshold_high,error,avg_spend_low,avg_spend_med,avg_spend_high,corner_share,food_insecurity_share,grocery_share,avg_dist_car,avg_dist_nocar,total_trips
1,1.0,0.5,0.6,0.4,5.0,6.0,14.0,0.14700188270000655,3170.6965000907094,4326.400367941185,11717.056604522157,0.2903225806451613,0.35,0.6411290322580645,2.5991738394238175,0.5189218673598633,496.0
2,1.0,0.5,0.6,0.4,5.0,8.0,14.0,0.15116619373607784,3258.460717371397,4319.217677669052,12494.1338182186,0.2740286298568507,0.35,0.6687116564417178,2.65530844639573,0.5101701798036645,489.0
3,1.0,0.5,0.6,0.4,7.0,6.0,14.0,0.1668592693730311,3053.1316099712176,4390.540762441245,11787.921461527469,0.2645161290322581,0.35,0.6602150537634408,2.664700979094659,0.5087374931316374,465.0
4,1.0,0.5,0.6,0.4,7.0,8.0,14.0,0.17724780974591833,2994.5653708569084,4377.629088531957,12604.071384804383,0.2548596112311015,0.35,0.6760259179265659,2.701627938474763,0.49564945537371585,463.0
5,1.0,0.5,1.4,0.4,5.0,6.0,14.0,0.17818625087992948,3262.1006028787447,4567.725639555897,12141.945574757985,0.20588235294117646,0.35,0.7588235294117647,2.8559671798688995,0.5101701798036645,510.0
6,1.0,0.5,1.4,0.4,5.0,8.0,14.0,0.20689435328113645,3165.686351722546,4308.064812163871,12093.858270696277,0.1919191919191919,0.35,0.7454545454545455,2.856966005880614,0.5189218673598635,495.0
7,1.0,0.5,1.4,0.4,7.0,6.0,14.0,0.2113027005478397,2946.679887636132,4407.066477922949,12195.868782344874,0.20042643923240938,0.35,0.7313432835820896,2.871338263547914,0.5148999735099182,469.0
8,1.0,0.5,1.4,0.4,7.0,8.0,14.0,0.21192663249562238,2998.6472149000488,4387.740117116422,11758.490383547372,0.19522776572668113,0.35,0.7396963123644251,2.873068367699292,0.5143051540751629,461.0
9,1.0,0.5,2.2,0.4,5.0,6.0,14.0,0.2030447646277745,3219.5386099615635,4286.910065469605,13142.41624460034,0.1814595660749507,0.34,0.7534516765285996,2.918564795116884,0.5235625141098003,507.0
10,1.0,0.5,2.2,0.4,5.0,8.0,14.0,0.19693399268337908,3232.7659368559302,4317.244892777137,13316.919315763209,0.1875,0.34,0.7479838709677419,2.873999146124789,0.514137619818509,496.0
11,1.0,0.5,2.2,0.4,7.0,6.0,14.0,0.20653734824345132,2953.962801708281,4500.941778579415,12969.483674780338,0.1864406779661017,0.34,0.7351694915254238,2.874850361367065,0.5143051540751629,472.0
12,1.0,0.5,2.2,0.4,7.0,8.0,14.0,0.1988369932105046,3186.1774095586397,4359.918717283342,12883.606729293482,0.1857451403887689,0.34,0.7473002159827213,2.8953707954087307,0.514137619818509,463.0
13,1.0,0.5,2.6,0.4,5.0,6.0,14.0,0.1910564404400373,3269.4938466699605,4405.724587632601,13202.420818285987,0.1852589641434263,0.34,0.7231075697211156,2.863325595478936,0.514137619818509,502.0
14,1.0,0.5,2.6,0.4,5.0,8.0,14.0,0.19776874114515203,3270.738488355098,4319.009548415584,13735.72147749252,0.18163672654690619,0.34,0.7305389221556886,2.8682252792081036,0.514137619818509,501.0
15,1.0,0.5,2.6,0.4,7.0,6.0,14.0,0.2138091831565334,3040.344647714955,4253.344971899869,13451.844851417658,0.18669527896995708,0.34,0.7424892703862661,2.9038973810867446,0.5187662998358277,466.0
16,1.0,0.5,2.6,0.4,7.0,8.0,14.0,0.20989198284708027,3000.2483446451733,4229.0845339680345,12450.300455632807,0.2,0.34,0.7428571428571429,2.8784258636954334,0.5141376198185091,455.0
17,1.0,0.9,0.6,0.4,5.0,6.0,14.0,0.16504201877388447,3294.6505946338452,4524.366952882602,12072.93994630952,0.22817460317460317,0.35,0.6984126984126984,2.726718849308813,0.514137619818509,504.0
18,1.0,0.9,0.6,0.4,5.0,8.0,14.0,0.16942423006873422,3238.024883686345,4356.014863885756,11831.297478765815,0.24236252545824846,0.35,0.6843177189409368,2.702705299742565,0.5141376198185091,491.0
19,1.0,0.9,0.6,0.4,7.0,6.0,14.0,0.1838401853103542,3010.8821498844495,4423.724050624818,12493.439582595285,0.23779193205944799,0.35,0.7154989384288747,2.7428128238710823,0.5048802597838717,471.0
20,1.0,0.9,0.6,0.4,7.0,8.0,14.0,0.19040655513750585,3049.428954934061,4251.390071422868,11876.246792481783,0.23788546255506607,0.35,0.7070484581497798,2.745008132142085,0.5132960416335421,454.0
21,1.0,0.9,1.4,0.4,5.0,6.0,14.0,0.19243756827654016,3305.9111636068155,4311.6159415671,11682.463428887737,0.2,0.35,0.74,2.8781654806814894,0.5141376198185091,500.0
22,1.0,0.9,1.4,0.4,5.0,8.0,14.0,0.19656036755438905,3234.4830575449605,4337.993399208642,11977.578618083662,0.19879518072289157,0.35,0.7550200803212851,2.8496556525118057,0.5235625141098003,498.0
23,1.0,0.9,1.4,0.4,7.0,6.0,14.0,0.2022149498399363,2961.831008782027,4350.205056210787,11381.215006541628,0.21908893709327548,0.35,0.7331887201735358,2.836700741659022,0.5143051540751629,461.0
24,1.0,0.9,1.4,0.4,7.0,8.0,14.0,0.20317519701259104,3080.681848429839,4423.767453518737,12387.829211392074,0.19739696312364424,0.35,0.7310195227765727,2.7858082970699978,0.5087374931316373,461.0
25,1.0,0.9,2.2,0.4,5.0,6.0,14.0,0.19213607154589168,3315.5035720771484,4391.765774977999,13573.980588684477,0.1794871794871795,0.34,0.727810650887574,2.8699045429818244,0.5141376198185091,507.0
26,1.0,0.9,2.2,0.4,5.0,8.0,14.0,0.21026574317373023,3234.5377741910834,4155.576201886795,12801.458221103565,0.17943548387096775,0.34,0.7439516129032258,2.9071954917396967,0.5075479817576093,496.0
27,1.0,0.9,2.2,0.4,7.0,6.0,14.0,0.21516435857242858,3014.4759455644994,4403.847268205068,13056.984156367767,0.17381974248927037,0.34,0.7317596566523605,2.928120466105412,0.5048802597838717,466.0
28,1.0,0.9,2.2,0.4,7.0,8.0,14.0,0.21856347910981166,3083.201888160552,4136.217859858863,13770.103373482241,0.1843817787418655,0.34,0.737527114967462,2.8974422303139447,0.5087374931316373,461.0
29,1.0,0.9,2.6,0.4,5.0,6.0,14.0,0.19484412473177676,3268.520655031862,4354.256743287024,12077.277452923405,0.18363273453093812,0.34,0.7485029940119761,2.8922656800451114,0.5141376198185091,501.0
30,1.0,0.9,2.6,0.4,5.0,8.0,14.0,0.19917469835397797,3255.4933078795584,4320.207312303716,12771.530080090917,0.18089430894308944,0.34,0.7479674796747967,2.939760708018893,0.514137619818509,492.0
31,1.0,0.9,2.6,0.4,7.0,6.0,14.0,0.19863726724200315,3100.3571058535153,4511.209855477798,13575.404412887876,0.18220338983050846,0.34,0.7627118644067796,2.899055922308945,0.5087374931316373,472.0
32,1.0,0.9,2.6,0.4,7.0,8.0,14.0,0.2292260668926674,2993.081370433504,4177.711986962178,12654.612479179757,0.1729490022172949,0.34,0.7361419068736141,2.9006373642851386,0.5132960416335421,451.0
33,1.0,1.3,0.6,0.4,5.0,6.0,14.0,0.16024827424671226,3242.247650764533,4459.286334189003,12297.78772446189,0.24801587301587302,0.35,0.7103174603174603,2.7145593653380247,0.5141376198185091,504.0
34,1.0,1.3,0.6,0.4,5.0,8.0,14.0,0.17239624762372854,3177.590050063119,4314.292484505422,11391.58596564086,0.24796747967479674,0.35,0.6951219512195121,2.6833405663074723,0.5235625141098001,492.0
35,1.0,1.3,0.6,0.4,7.0,6.0,14.0,0.1814632634913393,2911.288267351105,4493.3652572988385,11592.594311433211,0.24680851063829787,0.35,0.7,2.732105119953139,0.5148999735099182,470.0
36,1.0,1.3,0.6,0.4,7.0,8.0,14.0,0.18707049747730933,3012.9856538547187,4377.035544072887,12240.569869866165,0.2363238512035011,0.35,0.7111597374179431,2.772224712143759,0.5048802597838717,457.0
37,1.0,1.3,1.4,0.4,5.0,6.0,14.0,0.19848180500931542,3260.486571762849,4304.757758403708,12519.687921801065,0.19560878243512975,0.35,0.7445109780439122,2.8617989238070414,0.5141376198185091,501.0
38,1.0,1.3,1.4,0.4,5.0,8.0,14.0,0.19598613264483378,3244.6925922900273,4399.327111837899,11715.711674314816,0.19308943089430894,0.35,0.7398373983739838,2.8865499555891776,0.5101701798036645,492.0
39,1.0,1.3,1.4,0.4,7.0,6.0,14.0,0.2083998978897599,2998.033521452109,4458.503086923211,12504.593665266828,0.1948608137044968,0.35,0.7516059957173448,2.8859573011028288,0.5023555252289706,467.0
40,1.0,1.3,1.4,0.4,7.0,8.0,14.0,0.20543830708341002,3108.2870514356187,4432.8013147605,12282.692720727327,0.1896551724137931,0.35,0.7521551724137931,2.871336571729417,0.5048802597838719,464.0
41,1.0,1.3,2.2,0.4,5.0,6.0,14.0,0.1934343671501329,3248.5979553885686,4546.52286302143,13139.76248760719,0.1709741550695825,0.34,0.7514910536779325,2.9141248374422033,0.514137619818509,503.0
42,1.0,1.3,2.2,0.4,5.0,8.0,14.0,0.21282373924492254,3199.646391118885,4160.542439273735,13505.239012758646,0.17864476386036962,0.34,0.731006160164271,2.899394282531205,0.5235625141098003,487.0
43,1.0,1.3,2.2,0.4,7.0,6.0,14.0,0.20631007406913443,3007.2428093660174,4439.6542050965745,13100.337403095611,0.18629550321199143,0.34,0.7301927194860813,2.9006317241684316,0.5048802597838719,467.0
44,1.0,1.3,2.2,0.4,7.0,8.0,14.0,0.21238542743690492,3051.9250084621362,4238.2689686039075,13752.34909750377,0.1891304347826087,0.34,0.7347826086956522,2.888453570461202,0.5087374931316374,460.0
45,1.0,1.3,2.6,0.4,5.0,6.0,14.0,0.18492869160197284,3249.794383872884,4504.934681694895,12783.23257843807,0.18886679920477137,0.34,0.7435387673956262,2.925332263837222,0.5067317317907992,503.0
46,1.0,1.3,2.6,0.4,5.0,8.0,14.0,0.20557253647810403,3200.4794586137273,4261.766276008686,13044.321275709854,0.1816326530612245,0.34,0.7408163265306122,2.8672898465991556,0.5101701798036645,490.0
47,1.0,1.3,2.6,0.4,7.0,6.0,14.0,0.20545993155652392,2947.448775337821,4412.163486506294,12663.927342967027,0.19696969696969696,0.34,0.7402597402597403,2.890949267477261,0.5048802597838719,462.0
48,1.0,1.3,2.6,0.4,7.0,8.0,14.0,0.21551617890022748,2995.026174487103,4412.2995619832045,12976.01434226824,0.17467248908296942,0.34,0.7379912663755459,2.875976075340837,0.5087374931316374,458.0
49,2.0,0.5,0.6,0.4,5.0,6.0,14.0,0.09970707169708524,3288.257827404074,4458.070110450599,11326.424954829225,0.34462151394422313,0.35,0.5856573705179283,2.510707037152447,0.514137619818509,502.0
50,2.0,0.5,0.6,0.4,5.0,8.0,14.0,0.11871146414008678,3214.374374397697,4261.794837039164,11958.470958042115,0.3387096774193548,0.35,0.5967741935483871,2.5300174025930358,0.5189218673598633,496.0
51,2.0,0.5,0.6,0.4,7.0,6.0,14.0,0.1449829009946157,3108.3725034417484,4473.7830524641195,12595.4154012395,0.28752642706131076,0.35,0.6511627906976745,2.6287159635325557,0.5087374931316374,473.0
52,2.0,0.5,0.6,0.4,7.0,8.0,14.0,0.1522771500724347,2991.9415767450096,4282.306242120271,12385.68860988347,0.3056768558951965,0.35,0.6506550218340611,2.60014602756706,0.5087374931316374,458.0
53,2.0,0.5,1.4,0.4,5.0,6.0,14.0,0.1456932493772041,3334.943416085811,4527.214845964562,12362.75669738457,0.255859375,0.35,0.6796875,2.6586396139928166,0.5141376198185091,512.0
54,2.0,0.5,1.4,0.4,5.0,8.0,14.0,0.15276270712822046,3239.5826243142606,4451.768358070234,12235.078142858203,0.26156941649899396,0.35,0.6599597585513078,2.6313894743274644,0.514137619818509,497.0
55,2.0,0.5,1.4,0.4,7.0,6.0,14.0,0.18370433537242775,2972.678444807899,4314.637693692069,12557.451640538991,0.2521551724137931,0.35,0.6702586206896551,2.688147901882964,0.5187662998358278,464.0
56,2.0,0.5,1.4,0.4,7.0,8.0,14.0,0.18603271301272797,2931.122478854667,4263.201160559799,11887.993753239736,0.25757575757575757,0.35,0.6666666666666666,2.6792738560698894,0.5143051540751629,462.0
57,2.0,0.5,2.2,0.4,5.0,6.0,14.0,0.18620605876809743,3285.534858451808,4334.4228833462275,12720.275150173391,0.198,0.34,0.722,2.8177981359740056,0.514137619818509,500.0
58,2.0,0.5,2.2,0.4,5.0,8.0,14.0,0.20179906894717514,3160.748714400198,4273.196102581215,13558.320211649016,0.19144602851323828,0.34,0.714867617107943,2.77999941829852,0.5189218673598633,491.0
59,2.0,0.5,2.2,0.4,7.0,6.0,14.0,0.19459708354640717,3106.1475958097026,4309.682333074905,12788.117607169474,0.2064516129032258,0.34,0.7247311827956989,2.8067155870741964,0.5087374931316373,465.0
60,2.0,0.5,2.2,0.4,7.0,8.0,14.0,0.2075530700762468,3015.3097685885127,4278.531524077601,12179.413190744208,0.19777777777777777,0.34,0.7244444444444444,2.818374841640905,0.513296041633542,450.0
61,2.0,0.5,2.6,0.4,5.0,6.0,14.0,0.179507585244054,3249.942370501488,4477.8433534807,12786.92211740842,0.20039292730844793,0.34,0.7190569744597249,2.835406266228784,0.5101701798036645,509.0
62,2.0,0.5,2.6,0.4,5.0,8.0,14.0,0.1869074971562965,3258.40035695668,4355.737235421069,12846.05549762246,0.19797979797979798,0.34,0.7171717171717171,2.8541784332708184,0.5101701798036645,495.0
63,2.0,0.5,2.6,0.4,7.0,6.0,14.0,0.2000677306166153,2944.0302337789058,4511.873790490115,13151.13500445273,0.19745222929936307,0.34,0.7261146496815286,2.85384122982384,0.5048802597838717,471.0
64,2.0,0.5,2.6,0.4,7.0,8.0,14.0,0.21427553297773855,3040.6319553719486,4270.002663209131,13391.928181250167,0.1843817787418655,0.34,0.7049891540130152,2.804485178497028,0.5075479817576093,461.0
65,2.0,0.9,0.6,0.4,5.0,6.0,14.0,0.11816893808012252,3292.2642946297383,4292.899882567524,12634.987567475702,0.328,0.35,0.612,2.5590051208802507,0.514137619818509,500.0
66,2.0,0.9,0.6,0.4,5.0,8.0,14.0,0.1185524753521268,3184.8318915948307,4346.762040478525,11952.218054809126,0.33468559837728196,0.35,0.6105476673427992,2.5650350954873655,0.5101701798036645,493.0
67,2.0,0.9,0.6,0.4,7.0,6.0,14.0,0.15085270923564983,2938.1284521533894,4303.115110660609,12804.900031813728,0.2995689655172414,0.34,0.646551724137931,2.6045295991035333,0.5087374931316374,464.0
68,2.0,0.9,0.6,0.4,7.0,8.0,14.0,0.1507900756675577,3046.99090134948,4301.462729496928,12113.307043609082,0.3002159827213823,0.35,0.6241900647948164,2.600863855580417,0.498708686427447,463.0
69,2.0,0.9,1.4,0.4,5.0,6.0,14.0,0.15605159061332052,3330.5826927909934,4477.053844974821,11291.726523380688,0.24346076458752516,0.35,0.6720321931589537,2.6952499139575012,0.5141376198185091,497.0
70,2.0,0.9,1.4,0.4,5.0,8.0,14.0,0.16284672593403313,3191.884069155193,4329.276244776603,11662.390829612095,0.26104417670682734,0.35,0.6666666666666666,2.6360824448638045,0.5189218673598633,498.0
71,2.0,0.9,1.4,0.4,7.0,6.0,14.0,0.18135495196484958,3027.603672651749,4367.118312327097,11678.820973220329,0.24516129032258063,0.35,0.6881720430107527,2.6952712628048676,0.513296041633542,465.0
72,2.0,0.9,1.4,0.4,7.0,8.0,14.0,0.17626223096515503,3057.2585702212596,4334.975322302407,11778.954264150507,0.2532467532467532,0.35,0.6688311688311688,2.689279697116183,0.5048802597838717,462.0
73,2.0,0.9,2.2,0.4,5.0,6.0,14.0,0.19309499596051155,3215.125261078509,4460.181359577421,13087.893416670116,0.18309859154929578,0.34,0.7364185110663984,2.8571564227572317,0.5187662998358277,497.0
74,2.0,0.9,2.2,0.4,5.0,8.0,14.0,0.17847804898091718,3311.023152768406,4420.102098476953,13319.817573285509,0.20039292730844793,0.34,0.7151277013752456,2.802342831387071,0.5067317317907992,509.0
75,2.0,0.9,2.2,0.4,7.0,6.0,14.0,0.2033180383795481,2976.935649343336,4323.658609403609,12956.982192715564,0.20518358531317496,0.34,0.7192224622030238,2.799716223926116,0.5087374931316373,463.0
76,2.0,0.9,2.2,0.4,7.0,8.0,14.0,0.20436125412932096,3091.6506297237756,4474.69743160604,13389.322703057844,0.17685589519650655,0.34,0.7292576419213974,2.833289398055096,0.513296041633542,458.0
77,2.0,0.9,2.6,0.4,5.0,6.0,14.0,0.18706514459352314,3233.005351049973,4424.123510537657,12943.434483821384,0.19444444444444445,0.34,0.7281746031746031,2.8393741948782587,0.5067317317907992,504.0
78,2.0,0.9,2.6,0.4,5.0,8.0,14.0,0.1888398745422017,3270.7721654560764,4299.393970262082,13927.683256044087,0.19839679358717435,0.34,0.7094188376753507,2.8188404697441016,0.5141376198185091,499.0
79,2.0,0.9,2.6,0.4,7.0,6.0,14.0,0.21230628540830968,2947.6674800055143,4342.327215236959,13007.126096385146,0.19172113289760348,0.34,0.7298474945533769,2.863538469453159,0.5087374931316374,459.0
80,2.0,0.9,2.6,0.4,7.0,8.0,14.0,0.2052225862699336,3048.456271596608,4399.121909968484,13110.462887735424,0.1870967741935484,0.34,0.7290322580645161,2.884248927828894,0.5048802597838719,465.0
81,2.0,1.3,0.6,0.4,5.0,6.0,14.0,0.11219252241779816,3209.549000798199,4367.769674891746,11805.519592812052,0.3406813627254509,0.35,0.6132264529058116,2.546991421321822,0.5187662998358278,499.0
82,2.0,1.3,0.6,0.4,5.0,8.0,14.0,0.1202667642648244,3227.5554838599983,4379.744644387911,12151.700565131188,0.324,0.35,0.61,2.5378749877071898,0.5148999735099181,500.0
83,2.0,1.3,0.6,0.4,7.0,6.0,14.0,0.1494932072769075,3008.1711937720493,4261.952453517574,12237.048914702256,0.3103448275862069,0.35,0.6443965517241379,2.5940680536129364,0.5132960416335421,464.0
84,2.0,1.3,0.6,0.4,7.0,8.0,14.0,0.16384050958168675,2936.3935935347768,4382.726081624359,12173.59691680051,0.2835164835164835,0.35,0.6505494505494506,2.623732734022033,0.518947795280536,455.0
85,2.0,1.3,1.4,0.4,5.0,6.0,14.0,0.1584186310876494,3295.3532805457203,4574.516165470117,12484.280895118922,0.23471400394477318,0.35,0.6785009861932939,2.7182198292687034,0.5141376198185091,507.0
86,2.0,1.3,1.4,0.4,5.0,8.0,14.0,0.17427717150933783,3281.2725390636956,4325.722577432687,12774.705605046904,0.23203285420944558,0.35,0.6796714579055442,2.7093457619078665,0.514137619818509,487.0
87,2.0,1.3,1.4,0.4,7.0,6.0,14.0,0.1857419208375681,3064.9445956920836,4374.398894121547,12785.652252219747,0.2329059829059829,0.35,0.6944444444444444,2.697160426252001,0.5087374931316373,468.0
88,2.0,1.3,1.4,0.4,7.0,8.0,14.0,0.19241220089078853,3010.8184604502612,4261.393135454317,11925.539706197142,0.23799126637554585,0.35,0.6855895196506551,2.719477335373568,0.5141376198185091,458.0
89,2.0,1.3,2.2,0.4,5.0,6.0,14.0,0.1874445592703422,3323.129959586941,4383.465864270945,12852.665906874587,0.18725099601593626,0.34,0.7270916334661355,2.8421482776576017,0.5141376198185091,502.0
90,2.0,1.3,2.2,0.4,5.0,8.0,14.0,0.1920947043123462,3208.8277730953187,4486.811649352736,12611.298257382809,0.18309859154929578,0.34,0.7263581488933601,2.8504718068238315,0.5189218673598635,497.0
91,2.0,1.3,2.2,0.4,7.0,6.0,14.0,0.19620797821053132,3026.3542522280086,4361.200282740773,12519.127712136979,0.20815450643776823,0.34,0.7381974248927039,2.839266787045915,0.5023555252289706,466.0
92,2.0,1.3,2.2,0.4,7.0,8.0,14.0,0.2048253864519872,3002.080581098101,4302.156095306698,12546.416475059663,0.2017353579175705,0.34,0.7136659436008677,2.8078239194325425,0.5143051540751629,461.0
93,2.0,1.3,2.6,0.4,5.0,6.0,14.0,0.18712016432271034,3280.713464964773,4459.452405892482,13048.483788959991,0.1857707509881423,0.34,0.7371541501976284,2.8236582027784527,0.5187662998358278,506.0
94,2.0,1.3,2.6,0.4,5.0,8.0,14.0,0.19778390496593173,3228.0681034609165,4345.669877008999,12992.769113406746,0.18404907975460122,0.34,0.7382413087934561,2.8734900644968415,0.5141376198185091,489.0
95,2.0,1.3,2.6,0.4,7.0,6.0,14.0,0.2030524178606511,3038.4052123808938,4447.860144166886,12696.594511490483,0.1875,0.34,0.728448275862069,2.8224082558942465,0.5087374931316374,464.0
96,2.0,1.3,2.6,0.4,7.0,8.0,14.0,0.21992806777997823,2970.49260905518,4201.271542429741,13239.911977831534,0.189010989010989,0.34,0.7186813186813187,2.8395885964047287,0.5143051540751629,455.0
97,3.0,0.5,0.6,0.4,5.0,6.0,14.0,0.11180426053027194,3248.9649017347806,4311.255649419464,12230.499456836924,0.341948310139165,0.35,0.5825049701789264,2.488080936202614,0.514137619818509,503.0
98,3.0,0.5,0.6,0.4,5.0,8.0,14.0,0.12502555271719437,3234.619332340225,4238.8733303341905,12273.103574246588,0.32786885245901637,0.35,0.5983606557377049,2.504453276808576,0.5187662998358278,488.0
99,3.0,0.5,0.6,0.4,7.0,6.0,14.0,0.13982706075632606,2970.008876957274,4242.8763554068,11911.7960863915,0.3326226012793177,0.35,0.603411513859275,2.545962075810397,0.5087374931316374,469.0
100,3.0,0.5,0.6,0.4,7.0,8.0,14.0,0.14765167437193885,2932.769717347668,4313.013216979157,11419.985000110739,0.3173913043478261,0.35,0.6173913043478261,2.5381383196746543,0.5087374931316374,460.0
101,3.0,0.5,1.4,0.4,5.0,6.0,14.0,0.11411369540778893,3289.003753928644,4372.793576796023,11092.168125998118,0.328,0.35,0.598,2.5180061180264777,0.5141376198185091,500.0
102,3.0,0.5,1.4,0.4,5.0,8.0,14.0,0.11672563040349683,3264.192873298777,4437.108313992494,11368.8176629291,0.32064128256513025,0.35,0.5851703406813628,2.455603295624644,0.5141376198185091,499.0
103,3.0,0.5,1.4,0.4,7.0,6.0,14.0,0.14844993819708124,2940.4707798689315,4460.409280850172,12077.39228466393,0.3019271948608137,0.35,0.6188436830835118,2.5794704454961184,0.5087374931316374,467.0
104,3.0,0.5,1.4,0.4,7.0,8.0,14.0,0.15644936381773017,3070.6620449560382,4382.9413356892765,11548.636981960337,0.2807017543859649,0.35,0.6403508771929824,2.625202805737946,0.5132960416335421,456.0
105,3.0,0.5,2.2,0.4,5.0,6.0,14.0,0.16276054509448018,3247.886092584195,4363.458383998094,13343.415419442066,0.23904382470119523,0.34,0.6533864541832669,2.6615714960169368,0.5235625141098001,502.0
106,3.0,0.5,2.2,0.4,5.0,8.0,14.0,0.1723204276105904,3169.279957672707,4240.810059691969,12807.719794383669,0.242914979757085,0.34,0.645748987854251,2.6331815363578785,0.5189218673598633,494.0
107,3.0,0.5,2.2,0.4,7.0,6.0,14.0,0.19286579401160178,2986.4755248632246,4335.958770135029,13281.48345505539,0.22055674518201285,0.34,0.6680942184154176,2.688849699880518,0.5189218673598633,467.0
108,3.0,0.5,2.2,0.4,7.0,8.0,14.0,0.18305737408338074,3067.4968715405967,4290.437430121927,13112.78771902787,0.23194748358862144,0.34,0.6717724288840262,2.6860333829036094,0.5087374931316374,457.0
109,3.0,0.5,2.6,0.4,5.0,6.0,14.0,0.16995438075619962,3179.7034913336893,4435.85891432192,12474.047448208805,0.22817460317460317,0.34,0.6785714285714286,2.73492325031353,0.5148999735099182,504.0
110,3.0,0.5,2.6,0.4,5.0,8.0,14.0,0.167800173093285,3273.2008962746872,4362.196086681187,12395.437504161959,0.22782258064516128,0.34,0.6814516129032258,2.725375749364199,0.5101701798036645,496.0
111,3.0,0.5,2.6,0.4,7.0,6.0,14.0,0.19141178134832804,2972.590680933558,4423.1074798231175,13460.722189333204,0.2167381974248927,0.34,0.6995708154506438,2.745325338528174,0.514137619818509,466.0
112,3.0,0.5,2.6,0.4,7.0,8.0,14.0,0.19112775521709907,3047.8483200969267,4328.381930829335,13617.525753654363,0.2172043010752688,0.34,0.6946236559139785,2.73607588637683,0.5187662998358277,465.0
113,3.0,0.9,0.6,0.4,5.0,6.0,14.0,0.1123569675536793,3267.1256587661937,4366.49804371741,11530.556242700348,0.33399602385685884,0.35,0.5964214711729622,2.5195939771534883,0.5141376198185091,503.0
114,3.0,0.9,0.6,0.4,5.0,8.0,14.0,0.11741399995334113,3291.6197469280305,4286.023239168527,12626.05436330804,0.3299595141700405,0.35,0.6032388663967612,2.5261313355028268,0.5187662998358278,494.0
115,3.0,0.9,0.6,0.4,7.0,6.0,14.0,0.1379894845909813,2993.552787645918,4446.075687506143,11955.435956589388,0.3147751605995717,0.35,0.5952890792291221,2.5475637419523123,0.513296041633542,467.0
116,3.0,0.9,0.6,0.4,7.0,8.0,14.0,0.14895418473761698,2993.4429237781524,4349.921684789304,11865.63929500259,0.30501089324618735,0.35,0.6187363834422658,2.566799372878561,0.5048802597838717,459.0
117,3.0,0.9,1.4,0.4,5.0,6.0,14.0,0.11744968552935227,3272.7324820447743,4419.94805158594,12060.669496366434,0.32,0.35,0.576,2.5189346017705794,0.5187662998358278,500.0
118,3.0,0.9,1.4,0.4,5.0,8.0,14.0,0.12316472740959639,3209.8640896467423,4311.479102508111,11683.385472288272,0.32727272727272727,0.35,0.5777777777777777,2.4918862076442148,0.5187662998358278,495.0
119,3.0,0.9,1.4,0.4,7.0,6.0,14.0,0.14991834692455733,3001.645475032581,4275.31779917665,11758.538519380754,0.3091684434968017,0.35,0.5970149253731343,2.553924922665749,0.5143051540751629,469.0
120,3.0,0.9,1.4,0.4,7.0,8.0,14.0,0.16979018394346737,2928.838607931528,4277.430429773156,12533.980559510155,0.2838427947598253,0.35,0.631004366812227,2.6160831489280496,0.5089189885763457,458.0
121,3.0,0.9,2.2,0.4,5.0,6.0,14.0,0.1502968422368547,3319.6917218445487,4400.593903172265,12166.140199554906,0.2485089463220676,0.34,0.6620278330019881,2.654632674261106,0.514137619818509,503.0
122,3.0,0.9,2.2,0.4,5.0,8.0,14.0,0.16659678132153444,3308.9573820699884,4244.611441178526,13314.16089150714,0.23636363636363636,0.34,0.6585858585858586,2.6852271109072117,0.5101701798036645,495.0
123,3.0,0.9,2.2,0.4,7.0,6.0,14.0,0.1767760941004943,3038.3625853888634,4439.402398723004,12973.714574999709,0.232409381663113,0.34,0.6652452025586354,2.670360975302457,0.5015740597715014,469.0
124,3.0,0.9,2.2,0.4,7.0,8.0,14.0,0.1692600256492309,3020.9734678182417,4520.224977561928,12474.163760877751,0.23974082073434125,0.34,0.6652267818574514,2.6640442887052225,0.5048802597838717,463.0
125,3.0,0.9,2.6,0.4,5.0,6.0,14.0,0.17347009786873674,3200.5416475569677,4490.555961478021,13204.451279127592,0.21499013806706113,0.34,0.6725838264299803,2.694000815869708,0.5235625141098001,507.0
126,3.0,0.9,2.6,0.4,5.0,8.0,14.0,0.18088935228736724,3223.3973233769743,4355.012893785724,13356.109294652697,0.21212121212121213,0.34,0.6767676767676768,2.7036987053758805,0.514137619818509,495.0
127,3.0,0.9,2.6,0.4,7.0,6.0,14.0,0.19139747333326856,3019.65161670347,4358.8782604316375,12294.81264268929,0.2172043010752688,0.34,0.6924731182795699,2.7209862403105602,0.5103257473277002,465.0
128,3.0,0.9,2.6,0.4,7.0,8.0,14.0,0.19987882213939642,2933.099209850338,4416.41799709811,12611.65921745588,0.20758928571428573,0.34,0.6808035714285714,2.735838511876879,0.5143051540751629,448.0
129,3.0,1.3,0.6,0.4,5.0,6.0,14.0,0.1136689049852608,3223.747824755511,4374.535506267575,11834.153181017818,0.3359840954274354,0.35,0.5705765407554672,2.463835247329955,0.5148999735099181,503.0
130,3.0,1.3,0.6,0.4,5.0,8.0,14.0,0.11256861961150343,3294.037004752411,4358.606839895126,11462.446442262966,0.3313008130081301,0.35,0.6036585365853658,2.5394246615324043,0.514137619818509,492.0
131,3.0,1.3,0.6,0.4,7.0,6.0,14.0,0.1357473815012312,3049.0751643864614,4307.872702221534,11392.825460120297,0.3246753246753247,0.35,0.6103896103896104,2.5360426901314814,0.5023555252289706,462.0
132,3.0,1.3,0.6,0.4,7.0,8.0,14.0,0.1500545976993638,3022.7342591273377,4301.933197147399,11421.425889859058,0.3041575492341357,0.35,0.6301969365426696,2.5714336609527413,0.5087374931316374,457.0
133,3.0,1.3,1.4,0.4,5.0,6.0,14.0,0.1135504936798215,3275.957865411785,4457.912855305772,11821.062645054164,0.3227722772277228,0.35,0.598019801980198,2.5138650629765182,0.5187662998358278,505.0
134,3.0,1.3,1.4,0.4,5.0,8.0,14.0,0.14177815633460047,3326.594997818405,4090.317364684154,12050.082478837612,0.30265848670756645,0.35,0.5991820040899796,2.538306891322193,0.5187662998358277,489.0
135,3.0,1.3,1.4,0.4,7.0,6.0,14.0,0.16382751530940706,2945.165109135289,4459.519110127571,12121.288928840206,0.27564102564102566,0.35,0.6303418803418803,2.6235755675505636,0.5189218673598635,468.0
136,3.0,1.3,1.4,0.4,7.0,8.0,14.0,0.15920775886814073,2965.923678713437,4345.454900537483,12316.72225148587,0.29130434782608694,0.35,0.6282608695652174,2.5921615575566417,0.5087374931316374,460.0
137,3.0,1.3,2.2,0.4,5.0,6.0,14.0,0.1617883018051554,3284.9442211008927,4411.68767708579,12622.328067914288,0.23214285714285715,0.34,0.6765873015873016,2.6852839685095384,0.5187662998358278,504.0
138,3.0,1.3,2.2,0.4,5.0,8.0,14.0,0.16322092615196998,3284.5759393580765,4333.10540452335,12364.049340710104,0.23684210526315788,0.34,0.6639676113360324,2.700386632369679,0.5101701798036645,494.0
139,3.0,1.3,2.2,0.4,7.0,6.0,14.0,0.19034779817375053,2904.8899812283453,4337.348942177356,12958.601906168846,0.23390557939914164,0.34,0.6695278969957081,2.6983266747980754,0.5189218673598633,466.0
140,3.0,1.3,2.2,0.4,7.0,8.0,14.0,0.19089369576763032,3089.402701697496,4262.429570759721,12625.331649034304,0.2188183807439825,0.34,0.6805251641137856,2.744233108426668,0.514137619818509,457.0
141,3.0,1.3,2.6,0.4,5.0,6.0,14.0,0.17636438485340727,3275.1986347064235,4375.6376842424215,13697.33364551475,0.212,0.34,0.698,2.733784900251308,0.5141376198185091,500.0
142,3.0,1.3,2.6,0.4,5.0,8.0,14.0,0.16702538969371344,3238.035920753965,4490.692692843349,13011.525351176364,0.2215568862275449,0.34,0.688622754491018,2.736710609591935,0.5101701798036645,501.0
143,3.0,1.3,2.6,0.4,7.0,6.0,14.0,0.188466444537673,3061.9894337179126,4518.39521516662,13419.289110067366,0.202991452991453,0.34,0.6923076923076923,2.7848769544528387,0.514137619818509,468.0
144,3.0,1.3,2.6,0.4,7.0,8.0,14.0,0.19957751803768334,3016.123066654142,4255.146451289481,13156.294100979552,0.21318681318681318,0.34,0.7120879120879121,2.7802256729425863,0.5101701798036645,455.0
