geo,Total:,"Less than $10,000","$10,000 to $14,999","$15,000 to $19,999","$20,000 to $24,999","$25,000 to $29,999","$30,000 to $34,999","$35,000 to $39,999","$40,000 to $44,999","$45,000 to $49,999","$50,000 to $59,999","$60,000 to $74,999","$75,000 to $99,999","$100,000 to $124,999","$125,000 to $149,999","$150,000 to $199,999","$200,000 or more",Total:_size,Family households:,2-person household,3-person household,4-person household,5-person household,6-person household,7-or-more person household,Nonfamily households:,1-person household,2-person household.1,3-person household.1,4-person household.1,5-person household.1,6-person household.1,7-or-more person household.1,Total:_veh,No vehicle available,1 vehicle available,2 vehicles available,3 vehicles available,4 or more vehicles available,1-person household:,No vehicle available.1,1 vehicle available.1,2 vehicles available.1,3 vehicles available.1,4 or more vehicles available.1,2-person household:,No vehicle available.2,1 vehicle available.2,2 vehicles available.2,3 vehicles available.2,4 or more vehicles available.2,3-person household:,No vehicle available.3,1 vehicle available.3,2 vehicles available.3,3 vehicles available.3,4 or more vehicles available.3,4-or-more-person household:,No vehicle available.4,1 vehicle available.4,2 vehicles available.4,3 vehicles available.4,4 or more vehicles available.4,Total:_snap,Household received Food Stamps/SNAP in the past 12 months:,Households with 1 or more persons with a disability,Households with no persons with a disability,Household did not receive Food Stamps/SNAP in the past 12 months:,Households with 1 or more persons with a disability.1,Households with no persons with a disability.1,Less_than_25k,25k_to_50k,50k_plus,tract_raw,tract_display
"Census Tract 172, Duval County, Florida: Summary level: 140, state:12> county:031> tract:017200",1190,206,96,103,98,32,23,32,62,55,77,36,165,74,54,42,35,1190,287,167,66,32,20,2,0,903,855,40,0,8,0,0,0,1190,279,779,116,8,8,855,202,631,14,0,8,207,28,95,84,0,0,66,17,23,18,8,0,62,32,30,0,0,0,1190,285,180,105,905,167,738,0.4226890756302521,0.1714285714285714,0.4058823529411764,017200,172
"Census Tract 174, Duval County, Florida: Summary level: 140, state:12> county:031> tract:017400",863,185,73,43,105,84,44,64,50,16,73,28,72,26,0,0,0,863,523,191,163,68,34,12,55,340,282,58,0,0,0,0,0,863,309,309,157,73,15,282,101,122,30,22,7,249,123,91,35,0,0,163,35,44,47,29,8,169,50,52,45,22,0,863,396,188,208,467,113,354,0.4704519119351101,0.2989571263035921,0.2305909617612977,017400,174
"Census Tract 29.01, Duval County, Florida: Summary level: 140, state:12> county:031> tract:002901",1212,149,154,133,149,58,101,83,30,29,35,84,69,63,38,0,37,1212,754,281,115,178,88,52,40,458,413,37,0,8,0,0,0,1212,254,577,253,116,12,413,150,207,33,23,0,318,53,174,84,7,0,115,0,39,65,11,0,366,51,157,71,75,12,1212,597,223,374,615,126,489,0.4826732673267326,0.2483498349834983,0.2689768976897689,002901,29.01
"Census Tract 29.02, Duval County, Florida: Summary level: 140, state:12> county:031> tract:002902",1257,287,125,44,181,55,88,47,67,48,125,71,110,9,0,0,0,1257,603,173,200,80,90,60,0,654,569,53,7,24,1,0,0,1257,370,499,319,62,7,569,256,233,71,9,0,226,2,115,99,3,7,207,51,48,58,50,0,255,61,103,91,0,0,1257,520,162,358,737,234,503,0.5067621320604614,0.2426412092283214,0.2505966587112171,002902,29.02
"Census Tract 111, Duval County, Florida: Summary level: 140, state:12> county:031> tract:011100",1227,147,69,128,165,78,63,55,91,81,95,41,125,26,36,18,9,1227,772,283,286,160,27,16,0,455,406,49,0,0,0,0,0,1227,82,584,408,135,18,406,72,264,60,10,0,332,0,150,134,30,18,286,10,66,133,77,0,203,0,104,81,18,0,1227,292,75,217,935,146,789,0.4148329258353708,0.2999185004074979,0.2852485737571312,011100,111
"Census Tract 113, Duval County, Florida: Summary level: 140, state:12> county:031> tract:011300",1125,180,123,61,124,50,84,77,16,68,86,67,73,43,40,7,26,1125,647,217,198,156,39,0,37,478,411,67,0,0,0,0,0,1125,229,552,202,124,18,411,110,295,0,6,0,284,40,119,77,38,10,198,23,66,46,63,0,232,56,72,79,17,8,1125,393,111,282,732,194,538,0.4337777777777777,0.2622222222222222,0.304,011300,113
"Census Tract 12, Duval County, Florida: Summary level: 140, state:12> county:031> tract:001200",777,153,29,43,23,39,58,47,46,29,28,68,84,76,8,8,38,777,358,180,99,58,17,0,4,419,325,64,0,4,14,12,0,777,175,316,229,54,3,325,113,198,14,0,0,244,49,51,108,33,3,99,9,47,31,12,0,109,4,20,76,9,0,777,180,101,79,597,175,422,0.3191763191763191,0.2818532818532818,0.398970398970399,001200,12
"Census Tract 13, Duval County, Florida: Summary level: 140, state:12> county:031> tract:001300",1598,349,213,84,144,80,141,66,64,83,133,44,74,80,10,27,6,1598,785,286,207,163,97,3,29,813,734,62,17,0,0,0,0,1598,655,720,168,29,26,734,413,314,7,0,0,348,124,144,55,15,10,224,48,107,69,0,0,292,70,155,37,14,16,1598,894,488,406,704,167,537,0.4943679599499374,0.2715894868585732,0.2340425531914893,001300,13
"Census Tract 15, Duval County, Florida: Summary level: 140, state:12> county:031> tract:001500",1654,328,250,162,168,120,132,52,65,54,160,58,74,23,8,0,0,1654,1047,452,249,208,102,16,20,607,564,43,0,0,0,0,0,1654,553,812,253,24,12,564,222,324,18,0,0,495,230,186,71,8,0,249,48,136,45,8,12,346,53,166,119,8,0,1654,756,327,429,898,271,627,0.5489721886336155,0.2557436517533252,0.1952841596130592,001500,15
"Census Tract 114, Duval County, Florida: Summary level: 140, state:12> county:031> tract:011400",835,94,77,47,144,48,26,49,55,48,115,53,52,7,0,15,5,835,483,215,106,89,26,32,15,352,314,38,0,0,0,0,0,835,77,419,251,60,28,314,66,199,49,0,0,253,11,112,93,37,0,106,0,46,56,4,0,162,0,62,53,19,28,835,321,125,196,514,219,295,0.4335329341317365,0.2706586826347305,0.2958083832335329,011400,114
"Census Tract 116, Duval County, Florida: Summary level: 140, state:12> county:031> tract:011600",1484,225,182,143,175,126,74,33,89,73,108,79,45,92,0,25,15,1484,771,355,176,140,53,47,0,713,627,60,0,0,26,0,0,1484,353,753,317,61,0,627,187,411,29,0,0,415,104,213,85,13,0,176,25,59,58,34,0,266,37,70,145,14,0,1484,484,125,359,1000,347,653,0.488544474393531,0.2661725067385445,0.2452830188679245,011600,116
"Census Tract 109, Duval County, Florida: Summary level: 140, state:12> county:031> tract:010900",1511,114,96,97,33,150,114,75,129,37,160,123,261,35,13,65,9,1511,904,525,243,64,49,23,0,607,574,33,0,0,0,0,0,1511,144,747,399,177,44,574,135,332,52,29,26,558,0,287,193,68,10,243,0,111,86,46,0,136,9,17,68,34,8,1511,250,102,148,1261,522,739,0.2250165453342157,0.3342157511581733,0.4407677035076108,010900,109
"Census Tract 21.01, Duval County, Florida: Summary level: 140, state:12> county:031> tract:002101",1630,78,111,15,122,15,112,71,172,39,90,165,158,182,99,114,87,1630,692,381,177,77,39,0,18,938,791,147,0,0,0,0,0,1630,136,843,581,37,33,791,117,642,25,7,0,528,8,118,388,0,14,177,0,42,113,22,0,134,11,41,55,8,19,1630,97,38,59,1533,206,1327,0.2,0.250920245398773,0.549079754601227,002101,21.01
"Census Tract 21.02, Duval County, Florida: Summary level: 140, state:12> county:031> tract:002102",1194,61,9,7,30,114,24,102,34,36,75,72,217,81,37,62,233,1194,574,311,128,58,65,0,12,620,469,151,0,0,0,0,0,1194,75,590,405,63,61,469,48,413,0,8,0,462,27,157,261,17,0,128,0,9,81,0,38,135,0,11,63,38,23,1194,71,35,36,1123,212,911,0.0896147403685092,0.2596314907872696,0.6507537688442211,002102,21.02
"Census Tract 25.01, Duval County, Florida: Summary level: 140, state:12> county:031> tract:002501",1783,233,129,272,184,172,75,77,129,33,72,133,121,75,26,32,20,1783,750,268,274,109,66,33,0,1033,911,122,0,0,0,0,0,1783,399,791,542,51,0,911,358,504,49,0,0,390,34,104,244,8,0,274,0,149,110,15,0,208,7,34,139,28,0,1783,512,429,83,1271,377,894,0.4587773415591699,0.2725743129556927,0.2686483454851374,002501,25.01
"Census Tract 2, Duval County, Florida: Summary level: 140, state:12> county:031> tract:000200",913,152,144,87,72,86,76,61,21,70,38,22,75,5,4,0,0,913,504,201,123,81,91,4,4,409,395,4,10,0,0,0,0,913,209,489,162,42,11,395,109,243,43,0,0,205,61,92,34,15,3,133,9,75,35,14,0,180,30,79,50,13,8,913,405,180,225,508,162,346,0.4983570646221248,0.343921139101862,0.1577217962760131,000200,2
"Census Tract 11, Duval County, Florida: Summary level: 140, state:12> county:031> tract:001100",798,45,28,57,59,38,36,25,70,49,29,45,90,109,29,53,36,798,458,247,105,70,29,7,0,340,258,68,14,0,0,0,0,798,106,259,365,50,18,258,80,138,35,0,5,315,26,84,185,20,0,119,0,26,71,14,8,106,0,11,74,16,5,798,106,48,58,692,176,516,0.2368421052631578,0.2731829573934837,0.4899749373433584,001100,11
"Census Tract 16, Duval County, Florida: Summary level: 140, state:12> county:031> tract:001600",588,161,130,76,19,11,34,43,14,27,49,21,0,3,0,0,0,588,291,89,72,52,50,28,0,297,273,11,13,0,0,0,0,588,227,267,66,28,0,273,144,115,14,0,0,100,19,74,7,0,0,85,21,48,12,4,0,130,43,30,33,24,0,588,319,126,193,269,117,152,0.6564625850340136,0.2193877551020408,0.1241496598639455,001600,16
"Census Tract 27.02, Duval County, Florida: Summary level: 140, state:12> county:031> tract:002702",1469,237,94,110,162,116,94,75,67,48,173,173,89,0,0,18,13,1469,911,373,234,177,71,24,32,558,401,127,0,0,0,0,30,1469,228,585,433,140,83,401,138,216,47,0,0,500,16,149,188,113,34,234,27,104,61,10,32,334,47,116,137,17,17,1469,649,159,490,820,250,570,0.4104833219877468,0.2722940776038121,0.3172226004084411,002702,27.02
"Census Tract 117, Duval County, Florida: Summary level: 140, state:12> county:031> tract:011700",942,97,51,52,33,10,33,56,75,36,122,137,24,84,100,13,19,942,676,304,169,34,103,66,0,266,266,0,0,0,0,0,0,942,87,314,316,174,51,266,74,144,48,0,0,304,7,93,162,42,0,169,6,38,75,41,9,203,0,39,31,91,42,942,325,176,149,617,133,484,0.2473460721868365,0.2229299363057325,0.529723991507431,011700,117
"Census Tract 104.01, Duval County, Florida: Summary level: 140, state:12> county:031> tract:010401",1207,76,81,81,0,86,71,83,53,171,120,130,120,91,25,19,0,1207,740,348,82,127,82,76,25,467,372,68,27,0,0,0,0,1207,156,431,405,117,98,372,101,255,10,6,0,416,36,88,222,44,26,109,8,25,68,8,0,310,11,63,105,59,72,1207,295,135,160,912,245,667,0.1971830985915492,0.3844241922120961,0.4183927091963546,010401,104.01
"Census Tract 104.02, Duval County, Florida: Summary level: 140, state:12> county:031> tract:010402",1639,280,113,121,101,191,120,58,55,48,117,196,81,84,41,16,17,1639,904,372,234,201,32,39,26,735,637,78,11,0,9,0,0,1639,336,751,420,84,48,637,218,392,20,7,0,450,34,119,250,47,0,245,66,129,28,22,0,307,18,111,122,8,48,1639,638,292,346,1001,164,837,0.37522879804759,0.2879804758999389,0.336790726052471,010402,104.02
"Census Tract 27.01, Duval County, Florida: Summary level: 140, state:12> county:031> tract:002701",1189,166,44,74,92,133,134,89,113,85,155,35,16,39,0,0,14,1189,830,395,173,179,66,17,0,359,257,102,0,0,0,0,0,1189,249,508,351,73,8,257,85,158,14,0,0,497,76,228,167,18,8,173,15,78,63,17,0,262,73,44,107,38,0,1189,519,166,353,670,191,479,0.3162321278385198,0.4659377628259041,0.2178301093355761,002701,27.01
"Census Tract 28.02, Duval County, Florida: Summary level: 140, state:12> county:031> tract:002802",1860,249,260,160,191,200,48,137,68,57,180,104,116,42,40,8,0,1860,1046,461,312,186,60,19,8,814,736,59,0,0,19,0,0,1860,541,818,377,124,0,736,352,312,54,18,0,520,82,290,80,68,0,312,0,134,160,18,0,292,107,82,83,20,0,1860,751,325,426,1109,457,652,0.4623655913978494,0.2741935483870967,0.2634408602150537,002802,28.02
"Census Tract 102.02, Duval County, Florida: Summary level: 140, state:12> county:031> tract:010202",1268,52,36,20,57,33,51,67,95,43,110,125,222,216,47,65,29,1268,921,428,239,131,93,30,0,347,283,64,0,0,0,0,0,1268,47,437,529,189,66,283,39,214,10,20,0,492,0,136,331,25,0,239,8,51,47,105,28,254,0,36,141,39,38,1268,68,46,22,1200,323,877,0.1301261829652996,0.2279179810725552,0.6419558359621451,010202,102.02
"Census Tract 110, Duval County, Florida: Summary level: 140, state:12> county:031> tract:011000",1390,99,131,175,66,41,121,71,55,90,119,202,111,55,29,0,25,1390,967,410,218,160,82,63,34,423,343,54,26,0,0,0,0,1390,164,595,418,141,72,343,42,229,54,0,18,464,76,178,173,24,13,244,21,103,80,40,0,339,25,85,111,77,41,1390,561,257,304,829,220,609,0.3388489208633093,0.2719424460431655,0.3892086330935251,011000,110
"Census Tract 112, Duval County, Florida: Summary level: 140, state:12> county:031> tract:011200",1176,157,65,43,24,172,34,61,68,60,185,86,116,72,16,8,9,1176,831,313,384,33,101,0,0,345,318,27,0,0,0,0,0,1176,78,466,420,188,24,318,78,206,34,0,0,340,0,112,184,44,0,384,0,102,167,99,16,134,0,46,35,45,8,1176,443,134,309,733,302,431,0.2457482993197279,0.3358843537414966,0.4183673469387755,011200,112
"Census Tract 118, Duval County, Florida: Summary level: 140, state:12> county:031> tract:011800",1027,136,75,151,119,9,86,34,22,51,38,71,83,67,9,33,43,1027,590,278,94,113,37,0,68,437,377,60,0,0,0,0,0,1027,131,468,300,61,67,377,0,272,88,8,9,338,81,82,138,37,0,94,10,23,30,16,15,218,40,91,44,0,43,1027,274,84,190,753,261,492,0.4683544303797468,0.1966893865628043,0.3349561830574489,011800,118
"Census Tract 3, Duval County, Florida: Summary level: 140, state:12> county:031> tract:000300",794,145,68,146,48,74,38,35,78,15,34,30,23,32,13,15,0,794,363,145,47,76,63,32,0,431,333,83,0,0,15,0,0,794,225,345,156,54,14,333,96,196,41,0,0,228,61,96,60,11,0,47,5,9,5,28,0,186,63,44,50,15,14,794,284,166,118,510,181,329,0.5125944584382871,0.3022670025188917,0.1851385390428211,000300,3
"Census Tract 26, Duval County, Florida: Summary level: 140, state:12> county:031> tract:002600",1236,295,92,221,94,40,47,50,79,55,97,62,85,0,7,12,0,1236,713,323,185,57,69,22,57,523,429,48,21,0,25,0,0,1236,385,534,228,80,9,429,200,151,60,18,0,371,72,160,106,24,9,206,66,109,13,18,0,230,47,114,49,20,0,1236,623,189,434,613,209,404,0.5679611650485437,0.2192556634304207,0.2127831715210356,002600,26
"Census Tract 107, Duval County, Florida: Summary level: 140, state:12> county:031> tract:010700",1856,413,119,53,126,159,72,99,93,81,150,110,219,86,38,23,15,1856,1140,424,251,304,79,19,63,716,673,43,0,0,0,0,0,1856,158,814,706,166,12,673,138,447,88,0,0,467,20,192,201,54,0,251,0,94,87,58,12,465,0,81,330,54,0,1856,467,150,317,1389,395,994,0.3830818965517241,0.271551724137931,0.3453663793103448,010700,107
"Census Tract 121, Duval County, Florida: Summary level: 140, state:12> county:031> tract:012100",607,64,61,0,21,116,33,22,56,27,38,33,59,43,11,9,14,607,424,133,120,114,23,34,0,183,95,60,28,0,0,0,0,607,42,185,290,65,25,95,3,66,26,0,0,193,8,9,147,22,7,148,19,53,46,27,3,171,12,57,71,16,15,607,147,13,134,460,110,350,0.2405271828665568,0.4184514003294893,0.3410214168039538,012100,121
"Census Tract 28.01, Duval County, Florida: Summary level: 140, state:12> county:031> tract:002801",1821,319,52,91,277,155,172,74,161,72,146,98,140,46,0,9,9,1821,991,449,252,158,132,0,0,830,697,109,0,24,0,0,0,1821,426,944,325,98,28,697,208,464,16,0,9,558,141,230,171,16,0,252,9,163,59,21,0,314,68,87,79,61,19,1821,584,210,374,1237,373,864,0.4058209774848984,0.3481603514552444,0.2460186710598572,002801,28.01
"Census Tract 10, Duval County, Florida: Summary level: 140, state:12> county:031> tract:001000",753,204,228,106,42,4,0,34,32,20,25,20,0,11,6,21,0,753,191,130,41,0,20,0,0,562,547,15,0,0,0,0,0,753,416,269,63,0,5,547,317,225,0,0,5,145,95,44,6,0,0,41,4,0,37,0,0,20,0,0,20,0,0,753,402,284,118,351,231,120,0.7702523240371846,0.1195219123505976,0.1102257636122178,001000,10
"Census Tract 108, Duval County, Florida: Summary level: 140, state:12> county:031> tract:010800",1875,182,189,192,131,122,47,129,84,116,262,137,199,31,0,46,8,1875,1067,397,316,157,131,66,0,808,775,23,10,0,0,0,0,1875,303,840,495,194,43,775,227,453,83,12,0,420,43,183,184,10,0,326,33,80,102,77,34,354,0,124,126,95,9,1875,571,281,290,1304,578,726,0.3701333333333333,0.2656,0.3642666666666667,010800,108
"Census Tract 115, Duval County, Florida: Summary level: 140, state:12> county:031> tract:011500",1592,279,177,211,68,129,71,48,119,145,109,104,42,64,0,16,10,1592,903,337,304,119,105,18,20,689,614,70,5,0,0,0,0,1592,511,614,399,43,25,614,265,285,64,0,0,407,93,115,172,10,17,309,42,169,69,21,8,262,111,45,94,12,0,1592,579,220,359,1013,293,720,0.4616834170854271,0.321608040201005,0.2167085427135678,011500,115
"Census Tract 119.01, Duval County, Florida: Summary level: 140, state:12> county:031> tract:011901",2704,223,68,42,154,235,72,85,168,172,198,269,398,290,214,44,72,2704,1934,875,424,295,212,79,49,770,618,143,0,0,0,9,0,2704,131,808,1133,413,219,618,27,445,118,28,0,1018,52,157,561,146,102,424,0,71,191,148,14,644,52,135,263,91,103,2704,466,239,227,2238,770,1468,0.1801035502958579,0.2707100591715976,0.5491863905325444,011901,119.01
